{
  "properties": {
    "connectionReferences": {
      "shared_commondataserviceforapps": {
        "runtimeSource": "embedded",
        "connection": {
          "connectionReferenceLogicalName": "cs_sharedcommondataserviceforapps_925fd"
        },
        "api": {
          "name": "shared_commondataserviceforapps"
        }
      }
    },
    "definition": {
      "$schema": "https://schema.management.azure.com/providers/Microsoft.Logic/schemas/2016-06-01/workflowdefinition.json#",
      "contentVersion": "1.0.0.0",
      "parameters": {
        "$connections": {
          "defaultValue": {},
          "type": "Object"
        },
        "$authentication": {
          "defaultValue": {},
          "type": "SecureObject"
        }
      },
      "triggers": {
        "manual": {
          "metadata": {
            "operationMetadataId": "cff9ccd5-5570-43a4-b5ba-eb3aa4791b68"
          },
          "type": "Request",
          "kind": "Button",
          "inputs": {
            "schema": {
              "type": "object",
              "properties": {
                "text": {
                  "title": "FileName",
                  "type": "string",
                  "x-ms-dynamically-added": true,
                  "description": "Escribir entrada",
                  "x-ms-content-hint": "TEXT"
                },
                "text_1": {
                  "title": "FileContent",
                  "type": "string",
                  "x-ms-dynamically-added": true,
                  "description": "Escribir entrada",
                  "x-ms-content-hint": "TEXT"
                },
                "text_2": {
                  "title": "Contactid",
                  "type": "string",
                  "x-ms-dynamically-added": true,
                  "description": "Escribir entrada",
                  "x-ms-content-hint": "TEXT"
                },
                "number": {
                  "title": "Gasto",
                  "type": "number",
                  "x-ms-dynamically-added": true,
                  "description": "Escriba un número.",
                  "x-ms-content-hint": "NUMBER"
                }
              },
              "required": [
                "text",
                "text_1",
                "text_2",
                "number"
              ]
            }
          }
        }
      },
      "actions": {
        "Agregar_nómina": {
          "runAfter": {},
          "metadata": {
            "operationMetadataId": "fe2f2e6c-55a8-404e-ba34-09736bc9ee9e"
          },
          "type": "OpenApiConnection",
          "inputs": {
            "host": {
              "connectionName": "shared_commondataserviceforapps",
              "operationId": "CreateRecord",
              "apiId": "/providers/Microsoft.PowerApps/apis/shared_commondataserviceforapps"
            },
            "parameters": {
              "entityName": "cs_gastos",
              "item/cs_name": "Nómina enviada por correo electrónico @{formatDateTime(utcNow(),'dd-MM-yyyy')}",
              "item/cs_fechadegasto": "@formatDateTime(utcNow(),'yyyy-MM-dd')",
              "item/cs_amount": "@triggerBody()['number']",
              "item/cs_tipodegasto": 121600000,
              "item/cs_Profesor@odata.bind": "/contacts(@{triggerBody()['text_2']})"
            },
            "authentication": {
              "type": "Raw",
              "value": "@json(decodeBase64(triggerOutputs().headers['X-MS-APIM-Tokens']))['$ConnectionKey']"
            }
          }
        },
        "Respond_to_a_Power_App_or_flow": {
          "runAfter": {
            "Agregar_nómina": [
              "Succeeded"
            ]
          },
          "metadata": {
            "operationMetadataId": "00c8de43-189b-4ba2-a0b8-5da25a7c9ed6"
          },
          "type": "Response",
          "kind": "PowerApp",
          "inputs": {
            "statusCode": 200,
            "body": {},
            "schema": {
              "type": "object",
              "properties": {}
            }
          }
        }
      }
    },
    "templateName": ""
  },
  "schemaVersion": "1.0.0.0"
}