{
  "properties": {
    "connectionReferences": {
      "shared_microsoftforms": {
        "runtimeSource": "embedded",
        "connection": {
          "connectionReferenceLogicalName": "cs_sharedmicrosoftforms_10d77"
        },
        "api": {
          "name": "shared_microsoftforms"
        }
      },
      "shared_commondataserviceforapps": {
        "runtimeSource": "embedded",
        "connection": {
          "connectionReferenceLogicalName": "cs_sharedcommondataserviceforapps_925fd"
        },
        "api": {
          "name": "shared_commondataserviceforapps"
        }
      }
    },
    "definition": {
      "$schema": "https://schema.management.azure.com/providers/Microsoft.Logic/schemas/2016-06-01/workflowdefinition.json#",
      "contentVersion": "1.0.0.0",
      "parameters": {
        "$connections": {
          "defaultValue": {},
          "type": "Object"
        },
        "$authentication": {
          "defaultValue": {},
          "type": "SecureObject"
        }
      },
      "triggers": {
        "Cuando_se_envía_una_respuesta_nueva": {
          "splitOn": "@triggerOutputs()?['body/value']",
          "metadata": {
            "operationMetadataId": "66730738-bcc6-42ea-82a2-80883c1cfcd2"
          },
          "type": "OpenApiConnectionWebhook",
          "inputs": {
            "host": {
              "connectionName": "shared_microsoftforms",
              "operationId": "CreateFormWebhook",
              "apiId": "/providers/Microsoft.PowerApps/apis/shared_microsoftforms"
            },
            "parameters": {
              "form_id": "-KiyrADiVkKuJiEE92IFErBY3hZN1BBJobADqveQ355UNUhaTlRQMUM1RlFUODZXTkJYOENCQVpIRy4u"
            },
            "authentication": "@parameters('$authentication')"
          }
        }
      },
      "actions": {
        "Obtener_los_detalles_de_la_respuesta": {
          "runAfter": {},
          "metadata": {
            "operationMetadataId": "5eeba44f-0405-4471-8aad-836c91c7ab3b"
          },
          "type": "OpenApiConnection",
          "inputs": {
            "host": {
              "connectionName": "shared_microsoftforms",
              "operationId": "GetFormResponseById",
              "apiId": "/providers/Microsoft.PowerApps/apis/shared_microsoftforms"
            },
            "parameters": {
              "form_id": "-KiyrADiVkKuJiEE92IFErBY3hZN1BBJobADqveQ355UNUhaTlRQMUM1RlFUODZXTkJYOENCQVpIRy4u",
              "response_id": "@triggerOutputs()?['body/resourceData/responseId']"
            },
            "authentication": "@parameters('$authentication')"
          }
        },
        "Vemos_si_tenemos_un_alumno_con_este_email": {
          "runAfter": {
            "Inicializar_variable": [
              "Succeeded"
            ]
          },
          "metadata": {
            "operationMetadataId": "850b67ad-3e40-4c7e-ac64-a78f7aa3c20b"
          },
          "type": "OpenApiConnection",
          "inputs": {
            "host": {
              "connectionName": "shared_commondataserviceforapps",
              "operationId": "ListRecords",
              "apiId": "/providers/Microsoft.PowerApps/apis/shared_commondataserviceforapps"
            },
            "parameters": {
              "entityName": "contacts",
              "$select": "contactid",
              "$filter": "emailaddress1 eq '@{outputs('Obtener_los_detalles_de_la_respuesta')?['body/r81b8e2580a2b495ea6b13891da27a69b']}'"
            },
            "authentication": "@parameters('$authentication')"
          }
        },
        "Inicializar_variable_contactid": {
          "runAfter": {
            "Obtener_los_detalles_de_la_respuesta": [
              "Succeeded"
            ]
          },
          "metadata": {
            "operationMetadataId": "d38feea8-6740-4e32-9682-6143dc0be3b7"
          },
          "type": "InitializeVariable",
          "inputs": {
            "variables": [
              {
                "name": "contactid",
                "type": "string",
                "value": "@{null}"
              }
            ]
          }
        },
        "Si_no_hemos_encontrado_un_contacto,_lo_creamos": {
          "actions": {
            "Agregar_una_fila_de_alumno_nueva": {
              "runAfter": {},
              "metadata": {
                "operationMetadataId": "ccc16efe-d4de-4c49-a06d-05452792ff21"
              },
              "type": "OpenApiConnection",
              "inputs": {
                "host": {
                  "connectionName": "shared_commondataserviceforapps",
                  "operationId": "CreateRecord",
                  "apiId": "/providers/Microsoft.PowerApps/apis/shared_commondataserviceforapps"
                },
                "parameters": {
                  "entityName": "contacts",
                  "item/lastname": "@outputs('Obtener_los_detalles_de_la_respuesta')?['body/r432f12093e484daeb3cb730deb6eb8e9']",
                  "item/emailaddress1": "@outputs('Obtener_los_detalles_de_la_respuesta')?['body/r81b8e2580a2b495ea6b13891da27a69b']",
                  "item/firstname": "@outputs('Obtener_los_detalles_de_la_respuesta')?['body/r6d902108195c49f2b785f8421bf4af25']",
                  "item/birthdate": "@formatDateTime(outputs('Obtener_los_detalles_de_la_respuesta')?['body/r844923aa2d524a918d5dccc5db10b3ef'],'yyyy/MM/dd')",
                  "item/cs_tipodecontacto": 121600000
                },
                "authentication": "@parameters('$authentication')"
              }
            },
            "Establecer_variable_contactid_con_el_nuevo_contacto_creado": {
              "runAfter": {
                "Agregar_una_fila_de_alumno_nueva": [
                  "Succeeded"
                ]
              },
              "metadata": {
                "operationMetadataId": "08357934-f4a9-4d3f-9985-507453d703bb"
              },
              "type": "SetVariable",
              "inputs": {
                "name": "contactid",
                "value": "/contacts(@{outputs('Agregar_una_fila_de_alumno_nueva')?['body/contactid']})"
              }
            }
          },
          "runAfter": {
            "Vemos_si_tenemos_un_alumno_con_este_email": [
              "Succeeded"
            ]
          },
          "else": {
            "actions": {
              "Establecer_variable_contactid_con_el_contacto_existente": {
                "runAfter": {},
                "metadata": {
                  "operationMetadataId": "383decb9-f8bb-4049-8cc2-e8998b50a870"
                },
                "type": "SetVariable",
                "inputs": {
                  "name": "contactid",
                  "value": "/contacts(@{first(outputs('Vemos_si_tenemos_un_alumno_con_este_email')?['body/value'])?['contactid']})"
                }
              }
            }
          },
          "expression": {
            "equals": [
              "@first(outputs('Vemos_si_tenemos_un_alumno_con_este_email')?['body/value'])",
              "@null"
            ]
          },
          "metadata": {
            "operationMetadataId": "d3d2f076-a212-4fa9-b55d-35a233bde10d"
          },
          "type": "If"
        },
        "Crear_registro_de_matrícula": {
          "runAfter": {
            "Si_no_hemos_encontrado_un_contacto,_lo_creamos": [
              "Succeeded"
            ]
          },
          "metadata": {
            "operationMetadataId": "76d28ed1-81fb-4735-a727-368ebf509b67"
          },
          "type": "OpenApiConnection",
          "inputs": {
            "host": {
              "connectionName": "shared_commondataserviceforapps",
              "operationId": "CreateRecord",
              "apiId": "/providers/Microsoft.PowerApps/apis/shared_commondataserviceforapps"
            },
            "parameters": {
              "entityName": "cs_enrollments",
              "item/cs_contactid@odata.bind": "@variables('contactid')",
              "item/cs_name": "Matrícula de @{outputs('Obtener_los_detalles_de_la_respuesta')?['body/r6d902108195c49f2b785f8421bf4af25']} @{outputs('Obtener_los_detalles_de_la_respuesta')?['body/r432f12093e484daeb3cb730deb6eb8e9']}",
              "item/cs_img_authorization": "@if(equals(outputs('Obtener_los_detalles_de_la_respuesta')?['body/r8c5b3c9bceeb42308a1aa36d545b8062'],'Si autorizo'),true,false)",
              "item/cs_cuentabancaria": "@outputs('Obtener_los_detalles_de_la_respuesta')?['body/rbafdf0853e7645ffa4a738180419d149']",
              "item/cs_curso": 121600002,
              "item/cs_pagorecibido": false,
              "item/statuscode": 1
            },
            "authentication": "@parameters('$authentication')"
          }
        },
        "Análisis_del_archivo_JSON": {
          "runAfter": {
            "Crear_registro_de_matrícula": [
              "Succeeded"
            ]
          },
          "metadata": {
            "operationMetadataId": "1de2270a-4f5c-4274-8ab1-23e5d62768e1"
          },
          "type": "ParseJson",
          "inputs": {
            "content": {
              "instrumentos": "@json(outputs('Obtener_los_detalles_de_la_respuesta')?['body/r691842a30bd74b2c9f4b5789830a1371'])"
            },
            "schema": {
              "type": "object",
              "properties": {
                "instrumentos": {
                  "type": "array",
                  "items": {
                    "type": "string"
                  }
                }
              }
            }
          }
        },
        "Aplicar_a_cada_uno": {
          "foreach": "@body('Análisis_del_archivo_JSON')?['instrumentos']",
          "actions": {
            "Recuperamos_el_instrumento": {
              "runAfter": {},
              "metadata": {
                "operationMetadataId": "04e326a2-3938-4de9-81d1-5575875607ea"
              },
              "type": "OpenApiConnection",
              "inputs": {
                "host": {
                  "connectionName": "shared_commondataserviceforapps",
                  "operationId": "ListRecords",
                  "apiId": "/providers/Microsoft.PowerApps/apis/shared_commondataserviceforapps"
                },
                "parameters": {
                  "entityName": "cs_classes",
                  "$select": "cs_classid,cs_precioporclase",
                  "$filter": "contains(cs_name,'@{items('Aplicar_a_cada_uno')}')",
                  "$top": 1
                },
                "authentication": "@parameters('$authentication')"
              }
            },
            "Relacionar_instrumento_y_matrícula": {
              "runAfter": {
                "Recuperamos_el_instrumento": [
                  "Succeeded"
                ]
              },
              "metadata": {
                "operationMetadataId": "6a5ce6e9-d5f4-45fe-8a3d-295735394f31"
              },
              "type": "OpenApiConnection",
              "inputs": {
                "host": {
                  "connectionName": "shared_commondataserviceforapps",
                  "operationId": "AssociateEntities",
                  "apiId": "/providers/Microsoft.PowerApps/apis/shared_commondataserviceforapps"
                },
                "parameters": {
                  "entityName": "cs_enrollments",
                  "recordId": "@outputs('Crear_registro_de_matrícula')?['body/cs_enrollmentid']",
                  "associationEntityRelationship": "cs_enrollment_cs_class_cs_class",
                  "item/@odata.id": "@first(outputs('Recuperamos_el_instrumento')?['body/value'])?['@odata.id']"
                },
                "authentication": "@parameters('$authentication')"
              }
            },
            "Aplicar_a_cada_uno_2": {
              "foreach": "@outputs('Recuperamos_el_instrumento')?['body/value']",
              "actions": {
                "Incrementar_variable": {
                  "runAfter": {},
                  "metadata": {
                    "operationMetadataId": "ff672539-d24b-4b84-8432-dfb1396a62cb"
                  },
                  "type": "IncrementVariable",
                  "inputs": {
                    "name": "Total matrícula",
                    "value": "@items('Aplicar_a_cada_uno_2')?['cs_precioporclase']"
                  }
                }
              },
              "runAfter": {
                "Relacionar_instrumento_y_matrícula": [
                  "Succeeded"
                ]
              },
              "metadata": {
                "operationMetadataId": "03102201-7459-4ab9-ba26-ead095b5f095"
              },
              "type": "Foreach"
            }
          },
          "runAfter": {
            "Análisis_del_archivo_JSON": [
              "Succeeded"
            ]
          },
          "metadata": {
            "operationMetadataId": "9f7d90c8-e880-4642-895d-15f95e11fd43"
          },
          "type": "Foreach"
        },
        "Inicializar_variable": {
          "runAfter": {
            "Inicializar_variable_contactid": [
              "Succeeded"
            ]
          },
          "metadata": {
            "operationMetadataId": "809fd924-9fe6-4468-9d36-c8f897dd800e"
          },
          "type": "InitializeVariable",
          "inputs": {
            "variables": [
              {
                "name": "Total matrícula",
                "type": "float",
                "value": 0
              }
            ]
          }
        },
        "Actualizar_una_fila": {
          "runAfter": {
            "Aplicar_a_cada_uno": [
              "Succeeded"
            ]
          },
          "metadata": {
            "operationMetadataId": "2f241021-e1c7-4fd1-975e-4e98e51c9f5c"
          },
          "type": "OpenApiConnection",
          "inputs": {
            "host": {
              "connectionName": "shared_commondataserviceforapps",
              "operationId": "UpdateRecord",
              "apiId": "/providers/Microsoft.PowerApps/apis/shared_commondataserviceforapps"
            },
            "parameters": {
              "entityName": "cs_enrollments",
              "recordId": "@outputs('Crear_registro_de_matrícula')?['body/cs_enrollmentid']",
              "item/cs_totalenrollment": "@variables('Total matrícula')"
            },
            "authentication": "@parameters('$authentication')"
          }
        }
      }
    },
    "templateName": ""
  },
  "schemaVersion": "1.0.0.0"
}