{
  "properties": {
    "connectionReferences": {
      "shared_office365": {
        "runtimeSource": "embedded",
        "connection": {
          "connectionReferenceLogicalName": "cs_sharedoffice365_b1422"
        },
        "api": {
          "name": "shared_office365"
        }
      },
      "shared_commondataserviceforapps": {
        "runtimeSource": "embedded",
        "connection": {
          "connectionReferenceLogicalName": "cs_sharedcommondataserviceforapps_925fd"
        },
        "api": {
          "name": "shared_commondataserviceforapps"
        }
      }
    },
    "definition": {
      "$schema": "https://schema.management.azure.com/providers/Microsoft.Logic/schemas/2016-06-01/workflowdefinition.json#",
      "contentVersion": "1.0.0.0",
      "parameters": {
        "$connections": {
          "defaultValue": {},
          "type": "Object"
        },
        "$authentication": {
          "defaultValue": {},
          "type": "SecureObject"
        }
      },
      "triggers": {
        "Cuando_llega_un_nuevo_correo_electrónico_(V3)": {
          "splitOn": "@triggerOutputs()?['body/value']",
          "metadata": {
            "operationMetadataId": "38d9b243-f8d2-4037-b691-6bebfc4badae"
          },
          "type": "OpenApiConnectionNotification",
          "inputs": {
            "host": {
              "connectionName": "shared_office365",
              "operationId": "OnNewEmailV3",
              "apiId": "/providers/Microsoft.PowerApps/apis/shared_office365"
            },
            "parameters": {
              "folderPath": "Inbox",
              "includeAttachments": false,
              "importance": "Any",
              "fetchOnlyWithAttachment": true
            },
            "authentication": "@parameters('$authentication')"
          }
        }
      },
      "actions": {
        "Aplicar_a_cada_uno_2": {
          "foreach": "@triggerOutputs()?['body/attachments']",
          "actions": {
            "Obtener_datos_adjuntos_(V2)": {
              "runAfter": {},
              "metadata": {
                "operationMetadataId": "b2681390-8d40-43e1-b39b-ab46f1ab37c1"
              },
              "type": "OpenApiConnection",
              "inputs": {
                "host": {
                  "connectionName": "shared_office365",
                  "operationId": "GetAttachment_V2",
                  "apiId": "/providers/Microsoft.PowerApps/apis/shared_office365"
                },
                "parameters": {
                  "messageId": "@triggerOutputs()?['body/id']",
                  "attachmentId": "@items('Aplicar_a_cada_uno_2')?['id']"
                },
                "authentication": "@parameters('$authentication')"
              }
            },
            "Extraer_información_de_documentos": {
              "runAfter": {
                "Obtener_datos_adjuntos_(V2)": [
                  "Succeeded"
                ]
              },
              "metadata": {
                "operationMetadataId": "0a9929be-2a32-4d14-bc7f-15630527dcda",
                "flowSystemMetadata": {
                  "portalOperationId": "aibuilderpredict_formsprocessing",
                  "portalOperationGroup": "aibuilder",
                  "portalOperationApiDisplayNameOverride": "AI Builder",
                  "portalOperationIconOverride": "https://content.powerapps.com/resource/makerx/static/pauto/images/designeroperations/aiBuilderNew.51dbdb6b.png",
                  "portalOperationBrandColorOverride": "#0A76C4",
                  "portalOperationApiTierOverride": "Standard"
                }
              },
              "type": "OpenApiConnection",
              "inputs": {
                "host": {
                  "connectionName": "shared_commondataserviceforapps",
                  "operationId": "aibuilderpredict_formsprocessing",
                  "apiId": "/providers/Microsoft.PowerApps/apis/shared_commondataserviceforapps"
                },
                "parameters": {
                  "recordId": "cc87b510-a3b7-4f26-8326-abe0d3b486a3",
                  "item/requestv2/mimeType": "application/pdf",
                  "item/requestv2/base64Encoded": "@outputs('Obtener_datos_adjuntos_(V2)')?['body/contentBytes']"
                },
                "authentication": "@parameters('$authentication')"
              }
            },
            "Consultamos_si_tenemos_algún_profesor_con_ese_NIF": {
              "runAfter": {
                "Extraer_información_de_documentos": [
                  "Succeeded"
                ]
              },
              "metadata": {
                "operationMetadataId": "378a5c92-b8fb-4f56-97f3-8a52896b3118"
              },
              "type": "OpenApiConnection",
              "inputs": {
                "host": {
                  "connectionName": "shared_commondataserviceforapps",
                  "operationId": "ListRecords",
                  "apiId": "/providers/Microsoft.PowerApps/apis/shared_commondataserviceforapps"
                },
                "parameters": {
                  "entityName": "contacts",
                  "$select": "contactid",
                  "$filter": "cs_dninif eq '@{outputs('Extraer_información_de_documentos')?['body/responsev2/predictionOutput/labels/NIF/text']}'"
                },
                "authentication": "@parameters('$authentication')"
              }
            },
            "Si_tenemos_algún_profesor_con_ese_NIF": {
              "actions": {
                "Ejecutar_un_flujo_secundario": {
                  "runAfter": {},
                  "metadata": {
                    "operationMetadataId": "0fd122fc-0f92-4353-90f8-4e9ac5c1fde7"
                  },
                  "type": "Workflow",
                  "inputs": {
                    "host": {
                      "workflowReferenceName": "6e5d2c18-c87c-ef11-ac21-000d3a2e0fb9"
                    },
                    "body": {
                      "text": "Nómina - @{utcNow()}.pdf",
                      "text_1": "@string(outputs('Obtener_datos_adjuntos_(V2)')?['body/contentBytes'])",
                      "text_2": "@first(outputs('Consultamos_si_tenemos_algún_profesor_con_ese_NIF')?['body/value'])?['contactid']",
                      "number": "@outputs('Extraer_información_de_documentos')?['body/responsev2/predictionOutput/labels/Coste/value']"
                    },
                    "retryPolicy": {
                      "type": "none"
                    }
                  }
                }
              },
              "runAfter": {
                "Consultamos_si_tenemos_algún_profesor_con_ese_NIF": [
                  "Succeeded"
                ]
              },
              "else": {
                "actions": {
                  "Agregar_una_fila_nueva": {
                    "runAfter": {},
                    "metadata": {
                      "operationMetadataId": "1b70a926-b166-49ba-9be7-f8cd966dd185"
                    },
                    "type": "OpenApiConnection",
                    "inputs": {
                      "host": {
                        "connectionName": "shared_commondataserviceforapps",
                        "operationId": "CreateRecord",
                        "apiId": "/providers/Microsoft.PowerApps/apis/shared_commondataserviceforapps"
                      },
                      "parameters": {
                        "entityName": "contacts",
                        "item/lastname": "@outputs('Extraer_información_de_documentos')?['body/responsev2/predictionOutput/labels/Apellidos/text']",
                        "item/firstname": "@outputs('Extraer_información_de_documentos')?['body/responsev2/predictionOutput/labels/Nombre/text']",
                        "item/cs_dninif": "@outputs('Extraer_información_de_documentos')?['body/responsev2/predictionOutput/labels/NIF/text']",
                        "item/cs_tipodecontacto": 121600001
                      },
                      "authentication": "@parameters('$authentication')"
                    }
                  },
                  "Ejecutar_un_flujo_secundario_2": {
                    "runAfter": {
                      "Agregar_una_fila_nueva": [
                        "Succeeded"
                      ]
                    },
                    "metadata": {
                      "operationMetadataId": "e7a6a60e-2423-4f85-84a8-a4304a874b2f"
                    },
                    "type": "Workflow",
                    "inputs": {
                      "host": {
                        "workflowReferenceName": "6e5d2c18-c87c-ef11-ac21-000d3a2e0fb9"
                      },
                      "body": {
                        "text": "Nómina - @{utcNow()}.pdf",
                        "text_1": "@string(outputs('Obtener_datos_adjuntos_(V2)')?['body/contentBytes'])",
                        "text_2": "@outputs('Agregar_una_fila_nueva')?['body/contactid']",
                        "number": "@outputs('Extraer_información_de_documentos')?['body/responsev2/predictionOutput/labels/Coste/value']"
                      },
                      "retryPolicy": {
                        "type": "none"
                      }
                    }
                  }
                }
              },
              "expression": {
                "not": {
                  "equals": [
                    "@first(outputs('Consultamos_si_tenemos_algún_profesor_con_ese_NIF')?['body/value'])",
                    "@null"
                  ]
                }
              },
              "metadata": {
                "operationMetadataId": "87f032f0-fb79-4d1b-a1dc-b6579d06e437"
              },
              "type": "If"
            }
          },
          "runAfter": {},
          "metadata": {
            "operationMetadataId": "2c798fb3-bb62-492d-9f65-6018ec87d39d"
          },
          "type": "Foreach"
        }
      }
    },
    "templateName": ""
  },
  "schemaVersion": "1.0.0.0"
}