<ImportExportXml version="9.2.24093.156" SolutionPackageVersion="9.2" languagecode="3082" generatedBy="CrmLive" xmlns:xsi="http://www.w3.org/2001/XMLSchema-instance" OrganizationVersion="9.2.24093.156" OrganizationSchemaType="Standard" CRMServerServiceabilityVersion="9.2.24093.00164">
  <SolutionManifest>
    <UniqueName>PowerMusicSolution</UniqueName>
    <LocalizedNames>
      <LocalizedName description="Power Music Solution" languagecode="3082" />
    </LocalizedNames>
    <Descriptions />
    <Version>1.0.0.1</Version>
    <Managed>0</Managed>
    <Publisher>
      <UniqueName>CreativitySpark</UniqueName>
      <LocalizedNames>
        <LocalizedName description="Creativity Spark" languagecode="3082" />
      </LocalizedNames>
      <Descriptions />
      <EMailAddress xsi:nil="true"></EMailAddress>
      <SupportingWebsiteUrl xsi:nil="true"></SupportingWebsiteUrl>
      <CustomizationPrefix>cs</CustomizationPrefix>
      <CustomizationOptionValuePrefix>12160</CustomizationOptionValuePrefix>
      <Addresses>
        <Address>
          <AddressNumber>1</AddressNumber>
          <AddressTypeCode>1</AddressTypeCode>
          <City xsi:nil="true"></City>
          <County xsi:nil="true"></County>
          <Country xsi:nil="true"></Country>
          <Fax xsi:nil="true"></Fax>
          <FreightTermsCode xsi:nil="true"></FreightTermsCode>
          <ImportSequenceNumber xsi:nil="true"></ImportSequenceNumber>
          <Latitude xsi:nil="true"></Latitude>
          <Line1 xsi:nil="true"></Line1>
          <Line2 xsi:nil="true"></Line2>
          <Line3 xsi:nil="true"></Line3>
          <Longitude xsi:nil="true"></Longitude>
          <Name xsi:nil="true"></Name>
          <PostalCode xsi:nil="true"></PostalCode>
          <PostOfficeBox xsi:nil="true"></PostOfficeBox>
          <PrimaryContactName xsi:nil="true"></PrimaryContactName>
          <ShippingMethodCode>1</ShippingMethodCode>
          <StateOrProvince xsi:nil="true"></StateOrProvince>
          <Telephone1 xsi:nil="true"></Telephone1>
          <Telephone2 xsi:nil="true"></Telephone2>
          <Telephone3 xsi:nil="true"></Telephone3>
          <TimeZoneRuleVersionNumber xsi:nil="true"></TimeZoneRuleVersionNumber>
          <UPSZone xsi:nil="true"></UPSZone>
          <UTCOffset xsi:nil="true"></UTCOffset>
          <UTCConversionTimeZoneCode xsi:nil="true"></UTCConversionTimeZoneCode>
        </Address>
        <Address>
          <AddressNumber>2</AddressNumber>
          <AddressTypeCode>1</AddressTypeCode>
          <City xsi:nil="true"></City>
          <County xsi:nil="true"></County>
          <Country xsi:nil="true"></Country>
          <Fax xsi:nil="true"></Fax>
          <FreightTermsCode xsi:nil="true"></FreightTermsCode>
          <ImportSequenceNumber xsi:nil="true"></ImportSequenceNumber>
          <Latitude xsi:nil="true"></Latitude>
          <Line1 xsi:nil="true"></Line1>
          <Line2 xsi:nil="true"></Line2>
          <Line3 xsi:nil="true"></Line3>
          <Longitude xsi:nil="true"></Longitude>
          <Name xsi:nil="true"></Name>
          <PostalCode xsi:nil="true"></PostalCode>
          <PostOfficeBox xsi:nil="true"></PostOfficeBox>
          <PrimaryContactName xsi:nil="true"></PrimaryContactName>
          <ShippingMethodCode>1</ShippingMethodCode>
          <StateOrProvince xsi:nil="true"></StateOrProvince>
          <Telephone1 xsi:nil="true"></Telephone1>
          <Telephone2 xsi:nil="true"></Telephone2>
          <Telephone3 xsi:nil="true"></Telephone3>
          <TimeZoneRuleVersionNumber xsi:nil="true"></TimeZoneRuleVersionNumber>
          <UPSZone xsi:nil="true"></UPSZone>
          <UTCOffset xsi:nil="true"></UTCOffset>
          <UTCConversionTimeZoneCode xsi:nil="true"></UTCConversionTimeZoneCode>
        </Address>
      </Addresses>
    </Publisher>
    <RootComponents>
      <RootComponent type="1" schemaName="contact" behavior="1" />
      <RootComponent type="1" schemaName="cs_class" behavior="0" />
      <RootComponent type="1" schemaName="cs_enrollment" behavior="0" />
      <RootComponent type="1" schemaName="cs_gasto" behavior="0" />
      <RootComponent type="9" schemaName="cs_clases" behavior="0" />
      <RootComponent type="9" schemaName="cs_curso" behavior="0" />
      <RootComponent type="9" schemaName="cs_horario" behavior="0" />
      <RootComponent type="9" schemaName="cs_tipodecontacto" behavior="0" />
      <RootComponent type="9" schemaName="cs_tipodegasto" behavior="0" />
      <RootComponent type="29" id="{6e5d2c18-c87c-ef11-ac21-000d3a2e0fb9}" behavior="0" />
      <RootComponent type="29" id="{9d5910ba-c27c-ef11-ac20-000d3a2c04bd}" behavior="0" />
      <RootComponent type="29" id="{cfad1d5c-4569-ef11-a671-6045bdf27683}" behavior="0" />
      <RootComponent type="61" schemaName="cs_/img/cs_class_svg" behavior="0" />
      <RootComponent type="61" schemaName="cs_/img/cs_enrollment.svg" behavior="0" />
      <RootComponent type="61" schemaName="cs_/img/cs_powermusic.svg" behavior="0" />
      <RootComponent type="62" schemaName="cs_PowerMusic" behavior="0" />
      <RootComponent type="80" schemaName="cs_PowerMusic" behavior="0" />
    </RootComponents>
    <MissingDependencies>
      <MissingDependency>
        <Required type="26" schemaName="Todos los contactos" displayName="Todos los contactos" parentSchemaName="contact" parentDisplayName="Contacto" solution="msdynce_AppCommon (9.0.4.0066)" id="{0d5d377b-5e7c-47b5-bab1-a5cb8b4ac105}">
          <package>msdynce_AppCommonAnchor (9.0.24093.10001)</package>
        </Required>
        <Dependent type="26" schemaName="Todos los contactos" displayName="Todos los contactos" parentSchemaName="contact" parentDisplayName="Contacto" id="{0d5d377b-5e7c-47b5-bab1-a5cb8b4ac105}" />
      </MissingDependency>
      <MissingDependency>
        <Required type="26" schemaName="Todos los contactos" displayName="Todos los contactos" parentSchemaName="contact" parentDisplayName="Contacto" solution="msdynce_AppCommon (9.0.4.0066)" id="{0d5d377b-5e7c-47b5-bab1-a5cb8b4ac105}">
          <package>msdynce_AppCommonAnchor (9.0.24093.10001)</package>
        </Required>
        <Dependent type="80" schemaName="cs_PowerMusic" displayName="Power Music" />
      </MissingDependency>
      <MissingDependency>
        <Required type="60" displayName="Contacto" parentDisplayName="Contacto" solution="msdynce_AppCommon (9.0.4.0066)" id="{1fed44d1-ae68-4a41-bd2b-f13acac4acfa}">
          <package>msdynce_AppCommonAnchor (9.0.24093.10001)</package>
        </Required>
        <Dependent type="60" displayName="Contacto" parentDisplayName="Contacto" id="{1fed44d1-ae68-4a41-bd2b-f13acac4acfa}" />
      </MissingDependency>
      <MissingDependency>
        <Required type="60" displayName="tarjeta de contacto" parentDisplayName="Contacto" solution="msdynce_AppCommon (9.0.4.0066)" id="{707fc57b-c5e6-471b-a180-e37ed28a38e2}">
          <package>msdynce_AppCommonAnchor (9.0.24093.10001)</package>
        </Required>
        <Dependent type="60" displayName="Información" parentDisplayName="Matrícula" id="{c072c007-d02b-4874-a279-7261934a2574}" />
      </MissingDependency>
      <MissingDependency>
        <Required type="66" schemaName="MscrmControls.CardFeedContainer.CardFeedContainer" displayName="MscrmControls.CardFeedContainer.CardFeedContainer" solution="BaseCustomControlsCore (9.0.2409.3017)" />
        <Dependent type="60" displayName="Contacto" parentDisplayName="Contacto" id="{1fed44d1-ae68-4a41-bd2b-f13acac4acfa}" />
      </MissingDependency>
      <MissingDependency>
        <Required type="SettingDefinition" displayName="AppChannel" solution="msdyn_AppFrameworkInfraExtensions (1.0.0.12)" id.uniquename="AppChannel" />
        <Dependent type="AppSetting" displayName="parentappmoduleid.uniquename=cs_PowerMusic,settingdefinitionid.uniquename=AppChannel" id.parentappmoduleid.uniquename="cs_PowerMusic" id.settingdefinitionid.uniquename="AppChannel" />
      </MissingDependency>
    </MissingDependencies>
  </SolutionManifest>
</ImportExportXml>